date,close
4/29/2013,144.5399933
4/30/2013,139
5/1/2013,116.9899979
5/2/2013,105.2099991
5/3/2013,97.75
5/4/2013,112.5
5/5/2013,115.9100037
5/6/2013,112.3000031
5/7/2013,111.5
5/8/2013,113.5660019
5/9/2013,112.6699982
5/10/2013,117.1999969
5/11/2013,115.2429962
5/12/2013,115
5/13/2013,117.9800034
5/14/2013,111.5
5/15/2013,114.2200012
5/16/2013,118.7600021
5/17/2013,123.0149994
5/18/2013,123.4980011
5/19/2013,121.9899979
5/20/2013,122
5/21/2013,122.8799973
5/22/2013,123.8889999
5/23/2013,126.6999969
5/24/2013,133.1999969
5/25/2013,131.9799957
5/26/2013,133.4799957
5/27/2013,129.7449951
5/28/2013,129
5/29/2013,132.3000031
5/30/2013,128.798996
5/31/2013,129
6/1/2013,129.3000031
6/2/2013,122.2919998
6/3/2013,122.2220001
6/4/2013,121.4199982
6/5/2013,121.6500015
6/6/2013,118
6/7/2013,111.5
6/8/2013,108.3000031
6/9/2013,100
6/10/2013,106.3499985
6/11/2013,108.9000015
6/12/2013,108.1500015
6/13/2013,104
6/14/2013,99.97889709
6/15/2013,99.98809814
6/16/2013,99.51000214
6/17/2013,101.6999969
6/18/2013,107.4000015
6/19/2013,108.25
6/20/2013,110.1500015
6/21/2013,109.5
6/22/2013,108.3000031
6/23/2013,107.5999985
6/24/2013,102.7369995
6/25/2013,103.9499969
6/26/2013,104
6/27/2013,101.4369965
6/28/2013,94.64920044
6/29/2013,94.9940033
6/30/2013,96.61399841
7/1/2013,88.05000305
7/2/2013,90.13400269
7/3/2013,77.52999878
7/4/2013,80.52580261
7/5/2013,68.43099976
7/6/2013,70.27729797
7/7/2013,74.56109619
7/8/2013,76.51599884
7/9/2013,76.69400024
7/10/2013,86.76000214
7/11/2013,88.98000336
7/12/2013,93.59490204
7/13/2013,98.1339035
7/14/2013,94.69129944
7/15/2013,98.40019989
7/16/2013,97.45079803
7/17/2013,98.5
7/18/2013,90.58000183
7/19/2013,92.16999817
7/20/2013,89.39009857
7/21/2013,90.75730133
7/22/2013,91.61000061
7/23/2013,95.5585022
7/24/2013,94.51000214
7/25/2013,96.90000153
7/26/2013,96.02020264
7/27/2013,94.11599731
7/28/2013,99.7559967
7/29/2013,101.1999969
7/30/2013,107.9899979
7/31/2013,106.0899963
8/1/2013,104
8/2/2013,104.5009995
8/3/2013,104.0049973
8/4/2013,105.1439972
8/5/2013,106.2200012
8/6/2013,106.75
8/7/2013,106.75
8/8/2013,103
8/9/2013,102.8000031
8/10/2013,103
8/11/2013,105
8/12/2013,106.6360016
8/13/2013,109
8/14/2013,112.5619965
8/15/2013,109.9899979
8/16/2013,108.9940033
8/17/2013,113.5
8/18/2013,113.5
8/19/2013,119
8/20/2013,121.2050018
8/21/2013,123.3000031
8/22/2013,121.1500015
8/23/2013,118.5009995
8/24/2013,120.0449982
8/25/2013,122.1110001
8/26/2013,120.0559998
8/27/2013,126.5
8/28/2013,122.6200027
8/29/2013,122.3899994
8/30/2013,133.4900055
8/31/2013,135.3500061
9/1/2013,138.3399963
9/2/2013,135.8500061
9/3/2013,136.7700043
9/4/2013,126.7399979
9/5/2013,126.4300003
9/6/2013,119.1500015
9/7/2013,124.1500015
9/8/2013,121.6600037
9/9/2013,127.1100006
9/10/2013,125.9100037
9/11/2013,135.25
9/12/2013,133.1300049
9/13/2013,134.9799957
9/14/2013,129.2200012
9/15/2013,130.3699951
9/16/2013,131.7200012
9/17/2013,131.6600037
9/18/2013,131.4700012
9/19/2013,129.6499939
9/20/2013,127.0400009
9/21/2013,127.4300003
9/22/2013,129.1199951
9/23/2013,125.9499969
9/24/2013,127.25
9/25/2013,128.2200012
9/26/2013,128.3800049
9/27/2013,133.7799988
9/28/2013,134.7799988
9/29/2013,137.3399963
9/30/2013,133
10/1/2013,132.1799927
10/2/2013,114.1299973
10/3/2013,123.6299973
10/4/2013,129.0099945
10/5/2013,128.5500031
10/6/2013,129
10/7/2013,126.9400024
10/8/2013,126
10/9/2013,130.6900024
10/10/2013,130.5899963
10/11/2013,130.8999939
10/12/2013,135.1900024
10/13/2013,138.1300049
10/14/2013,140.5200043
10/15/2013,145.2400055
10/16/2013,142.5500031
10/17/2013,146.25
10/18/2013,155.9600067
10/19/2013,172.4199982
10/20/2013,174.6100006
10/21/2013,182.2100067
10/22/2013,193.7599945
10/23/2013,213.6199951
10/24/2013,198.2299957
10/25/2013,186.6900024
10/26/2013,177.3200073
10/27/2013,196.4400024
10/28/2013,198.5500031
10/29/2013,204.3899994
10/30/2013,199.9700012
10/31/2013,204
11/1/2013,206.1799927
11/2/2013,206.2200012
11/3/2013,215.0500031
11/4/2013,229.1000061
11/5/2013,245.2400055
11/6/2013,262.5
11/7/2013,296.4100037
11/8/2013,338.1099854
11/9/2013,339.1099854
11/10/2013,326.6199951
11/11/2013,342.4400024
11/12/2013,360.3299866
11/13/2013,407.3699951
11/14/2013,420.2000122
11/15/2013,417.9500122
11/16/2013,440.2200012
11/17/2013,492.1099854
11/18/2013,703.5599976
11/19/2013,584.6099854
11/20/2013,590.8300171
11/21/2013,722.4299927
11/22/2013,771.4400024
11/23/2013,797.8200073
11/24/2013,774.25
11/25/2013,799.1099854
11/26/2013,928.0999756
11/27/2013,1001.960022
11/28/2013,1031.949951
11/29/2013,1131.969971
11/30/2013,1129.430054
12/1/2013,955.8499756
12/2/2013,1043.329956
12/3/2013,1078.280029
12/4/2013,1151.170044
12/5/2013,1045.109985
12/6/2013,829.4500122
12/7/2013,698.2299805
12/8/2013,795.8699951
12/9/2013,893.1900024
12/10/2013,988.5100098
12/11/2013,878.4799805
12/12/2013,873.2600098
12/13/2013,892.5800171
12/14/2013,872.5999756
12/15/2013,876.1199951
12/16/2013,705.9699707
12/17/2013,682.1199951
12/18/2013,522.7000122
12/19/2013,691.960022
12/20/2013,625.3200073
12/21/2013,605.6599731
12/22/2013,617.1799927
12/23/2013,673.4099731
12/24/2013,665.5800171
12/25/2013,682.210022
12/26/2013,761.9799805
12/27/2013,735.0700073
12/28/2013,727.8300171
12/29/2013,745.0499878
12/30/2013,756.1300049
12/31/2013,754.0100098
1/1/2014,771.4000244
1/2/2014,802.3900146
1/3/2014,818.7199707
1/4/2014,859.5100098
1/5/2014,933.5300293
1/6/2014,953.289978
1/7/2014,802
1/8/2014,842.7199707
1/9/2014,846.8599854
1/10/2014,868.4799805
1/11/2014,913.9500122
1/12/2014,863.2199707
1/13/2014,841.2000122
1/14/2014,833.2700195
1/15/2014,860.9000244
1/16/2014,835.6300049
1/17/2014,814.6400146
1/18/2014,840
1/19/2014,870.960022
1/20/2014,870.2000122
1/21/2014,863.9099731
1/22/2014,845.5900269
1/23/2014,822.039978
1/24/2014,797.0700073
1/25/2014,853.6099854
1/26/2014,885.2800293
1/27/2014,771.3900146
1/28/2014,812.5100098
1/29/2014,826
1/30/2014,819.0300293
1/31/2014,829.9199829
2/1/2014,832.5800171
2/2/2014,825.3699951
2/3/2014,823.8300171
2/4/2014,827.960022
2/5/2014,811.9099731
2/6/2014,781.5499878
2/7/2014,712.4000244
2/8/2014,673.9199829
2/9/2014,682.9000244
2/10/2014,681.0300293
2/11/2014,672.1699829
2/12/2014,651.7199707
2/13/2014,605.2399902
2/14/2014,661.9899902
2/15/2014,650.9199829
2/16/2014,616.6300049
2/17/2014,626.2700195
2/18/2014,626.5999756
2/19/2014,623.0300293
2/20/2014,556.1400146
2/21/2014,574.1599731
2/22/2014,605.4199829
2/23/2014,605.8200073
2/24/2014,546.3200073
2/25/2014,538.710022
2/26/2014,582.6900024
2/27/2014,578.7700195
2/28/2014,549.2600098
3/1/2014,565.6099854
3/2/2014,559.789978
3/3/2014,667.7600098
3/4/2014,666.7800293
3/5/2014,665.5100098
3/6/2014,663.8599854
3/7/2014,629.1500244
3/8/2014,617.4500122
3/9/2014,636.960022
3/10/2014,627.789978
3/11/2014,634.1099854
3/12/2014,632.0999756
3/13/2014,638.1400146
3/14/2014,628.7999878
3/15/2014,636.1199951
3/16/2014,631.1099854
3/17/2014,622.3729858
3/18/2014,614.8319702
3/19/2014,609.8880005
3/20/2014,588.7700195
3/21/2014,571.4899902
3/22/2014,565.039978
3/23/2014,561.2719727
3/24/2014,583.4119873
3/25/2014,583.9169922
3/26/2014,580.8270264
3/27/2014,471.2390137
3/28/2014,495.6659851
3/29/2014,491.1719971
3/30/2014,460.2730103
3/31/2014,457.0010071
4/1/2014,478.375
4/2/2014,437.1400146
4/3/2014,444.7179871
4/4/2014,447.526001
4/5/2014,461.9070129
4/6/2014,460.4989929
4/7/2014,449.4230042
4/8/2014,453.0859985
4/9/2014,442.7250061
4/10/2014,365.1759949
4/11/2014,420.946991
4/12/2014,421.1159973
4/13/2014,414.0629883
4/14/2014,458.7869873
4/15/2014,515.5859985
4/16/2014,527.3950195
4/17/2014,495.9630127
4/18/2014,479.644989
4/19/2014,501.5650024
4/20/2014,498.1679993
4/21/2014,495.7730103
4/22/2014,487.9240112
4/23/2014,491.303009
4/24/2014,500.4649963
4/25/2014,461.4490051
4/26/2014,458.6010132
4/27/2014,436.3900146
4/28/2014,440.2850037
4/29/2014,447.2090149
4/30/2014,447.644989
5/1/2014,457.7600098
5/2/2014,449.3770142
5/3/2014,437.7619934
5/4/2014,436.4030151
5/5/2014,433.4819946
5/6/2014,428.9620056
5/7/2014,438.8210144
5/8/2014,440.1690063
5/9/2014,449.4609985
5/10/2014,454.4330139
5/11/2014,438.8859863
5/12/2014,441.4620056
5/13/2014,440.67099
5/14/2014,443.9719849
5/15/2014,447.2520142
5/16/2014,448.0580139
5/17/2014,448.9030151
5/18/2014,446.2640076
5/19/2014,446.1809998
5/20/2014,485.723999
5/21/2014,491.769989
5/22/2014,524.5789795
5/23/2014,520.2219849
5/24/2014,525.1380005
5/25/2014,571.5880127
5/26/2014,583.4240112
5/27/2014,571.2440186
5/28/2014,577.0620117
5/29/2014,568.1799927
5/30/2014,615.3250122
5/31/2014,623.677002
6/1/2014,630.2290039
6/2/2014,660.617981
6/3/2014,667.6049805
6/4/2014,641.6140137
6/5/2014,659.2579956
6/6/2014,653.7020264
6/7/2014,654.9689941
6/8/2014,656.1400146
6/9/2014,649.1589966
6/10/2014,653.1500244
6/11/2014,633.0200195
6/12/2014,586.9520264
6/13/2014,600.1630249
6/14/2014,577.3579712
6/15/2014,592.9370117
6/16/2014,592.1879883
6/17/2014,610.8640137
6/18/2014,607.9580078
6/19/2014,598.0709839
6/20/2014,594.1459961
6/21/2014,594.9920044
6/22/2014,602.2730103
6/23/2014,593.9840088
6/24/2014,582.3569946
6/25/2014,566.3359985
6/26/2014,581.1370239
6/27/2014,597.2609863
6/28/2014,596.5490112
6/29/2014,602.7150269
6/30/2014,639.7969971
7/1/2014,640.8060303
7/2/2014,650.8790283
7/3/2014,645.1560059
7/4/2014,630.6920166
7/5/2014,631.4569702
7/6/2014,635.8070068
7/7/2014,624.0859985
7/8/2014,624.8179932
7/9/2014,624.5089722
7/10/2014,616.7620239
7/11/2014,632.0029907
7/12/2014,633.7130127
7/13/2014,626.4970093
7/14/2014,619.3150024
7/15/2014,621.5859985
7/16/2014,616.7999878
7/17/2014,623.0889893
7/18/2014,628.7789917
7/19/2014,628.5150146
7/20/2014,623.9000244
7/21/2014,622.2109985
7/22/2014,621.5510254
7/23/2014,619.414978
7/24/2014,601.7329712
7/25/2014,601.0889893
7/26/2014,595.8129883
7/27/2014,593.8519897
7/28/2014,585.690979
7/29/2014,584.7249756
7/30/2014,567.2930298
7/31/2014,586.2349854
8/1/2014,594.9160156
8/2/2014,589.3330078
8/3/2014,586.6660156
8/4/2014,588.7819824
8/5/2014,585.4359741
8/6/2014,584.6530151
8/7/2014,588.8690186
8/8/2014,592.5770264
8/9/2014,589.3720093
8/10/2014,591.0609741
8/11/2014,576.367981
8/12/2014,569.6420288
8/13/2014,546.65802
8/14/2014,505.973999
8/15/2014,497.0100098
8/16/2014,519.7080078
8/17/2014,491.7950134
8/18/2014,461.4599915
8/19/2014,485.2449951
8/20/2014,511.980011
8/21/2014,517.2369995
8/22/2014,514.0430298
8/23/2014,498.0750122
8/24/2014,508.2860107
8/25/2014,502.4960022
8/26/2014,511.5700073
8/27/2014,511.1530151
8/28/2014,507.8150024
8/29/2014,508.5169983
8/30/2014,504.2489929
8/31/2014,477.7630005
9/1/2014,474.8789978
9/2/2014,477.4259949
9/3/2014,477.5859985
9/4/2014,489.6600037
9/5/2014,483.3420105
9/6/2014,484.8299866
9/7/2014,482.2780151
9/8/2014,474.6000061
9/9/2014,475.2600098
9/10/2014,479.3590088
9/11/2014,479.7489929
9/12/2014,477.7529907
9/13/2014,479.0020142
9/14/2014,477.8919983
9/15/2014,475.3710022
9/16/2014,466.0570068
9/17/2014,457.3340149
9/18/2014,424.4400024
9/19/2014,394.79599
9/20/2014,408.9039917
9/21/2014,398.8210144
9/22/2014,402.1520081
9/23/2014,435.7909851
9/24/2014,423.2049866
9/25/2014,411.5740051
9/26/2014,404.4249878
9/27/2014,399.519989
9/28/2014,377.1809998
9/29/2014,375.4670105
9/30/2014,386.9440002
10/1/2014,383.6149902
10/2/2014,375.071991
10/3/2014,359.5119934
10/4/2014,328.8659973
10/5/2014,320.5100098
10/6/2014,330.07901
10/7/2014,336.1870117
10/8/2014,352.9400024
10/9/2014,365.026001
10/10/2014,361.5620117
10/11/2014,362.2990112
10/12/2014,378.5490112
10/13/2014,390.4140015
10/14/2014,400.8699951
10/15/2014,394.7730103
10/16/2014,382.5559998
10/17/2014,383.7579956
10/18/2014,391.4419861
10/19/2014,389.54599
10/20/2014,382.8450012
10/21/2014,386.4750061
10/22/2014,383.1579895
10/23/2014,358.4169922
10/24/2014,358.3450012
10/25/2014,347.2709961
10/26/2014,354.70401
10/27/2014,352.9890137
10/28/2014,357.6180115
10/29/2014,335.5910034
10/30/2014,345.3049927
10/31/2014,338.3210144
11/1/2014,325.7489929
11/2/2014,325.8919983
11/3/2014,327.5539856
11/4/2014,330.4920044
11/5/2014,339.4859924
11/6/2014,349.2900085
11/7/2014,342.4150085
11/8/2014,345.4880066
11/9/2014,363.2640076
11/10/2014,366.9240112
11/11/2014,367.6950073
11/12/2014,423.5610046
11/13/2014,420.7349854
11/14/2014,397.8179932
11/15/2014,376.1329956
11/16/2014,387.8819885
11/17/2014,387.4079895
11/18/2014,375.197998
11/19/2014,380.5549927
11/20/2014,357.8399963
11/21/2014,350.8479919
11/22/2014,352.9200134
11/23/2014,367.572998
11/24/2014,376.901001
11/25/2014,375.3479919
11/26/2014,368.3699951
11/27/2014,369.6700134
11/28/2014,376.446991
11/29/2014,375.4909973
11/30/2014,378.0469971
12/1/2014,379.2449951
12/2/2014,381.3150024
12/3/2014,375.0100098
12/4/2014,369.6040039
12/5/2014,376.8540039
12/6/2014,374.7850037
12/7/2014,375.0950012
12/8/2014,361.9089966
12/9/2014,352.2189941
12/10/2014,346.3649902
12/11/2014,350.506012
12/12/2014,352.5419922
12/13/2014,347.3760071
12/14/2014,351.6319885
12/15/2014,345.3450012
12/16/2014,327.0620117
12/17/2014,319.776001
12/18/2014,311.3959961
12/19/2014,317.8429871
12/20/2014,329.9559937
12/21/2014,320.8429871
12/22/2014,331.8859863
12/23/2014,334.571991
12/24/2014,322.5339966
12/25/2014,319.0079956
12/26/2014,327.9240112
12/27/2014,315.8630066
12/28/2014,317.2390137
12/29/2014,312.6700134
12/30/2014,310.7369995
12/31/2014,320.1929932
1/1/2015,314.2489929
1/2/2015,315.0320129
1/3/2015,281.0820007
1/4/2015,264.1950073
1/5/2015,274.473999
1/6/2015,286.1889954
1/7/2015,294.3370056
1/8/2015,283.348999
1/9/2015,290.4079895
1/10/2015,274.79599
1/11/2015,265.6600037
1/12/2015,267.79599
1/13/2015,225.8609924
1/14/2015,178.1029968
1/15/2015,209.8439941
1/16/2015,208.0970001
1/17/2015,199.2599945
1/18/2015,210.3390045
1/19/2015,214.8609924
1/20/2015,211.3150024
1/21/2015,226.8970032
1/22/2015,233.4060059
1/23/2015,232.8789978
1/24/2015,247.8470001
1/25/2015,253.7180023
1/26/2015,273.4729919
1/27/2015,263.4750061
1/28/2015,233.9149933
1/29/2015,233.5130005
1/30/2015,226.4250031
1/31/2015,217.4640045
2/1/2015,226.9720001
2/2/2015,238.2290039
2/3/2015,227.2680054
2/4/2015,226.8529968
2/5/2015,217.1109924
2/6/2015,222.2660065
2/7/2015,227.7539978
2/8/2015,223.4120026
2/9/2015,220.1100006
2/10/2015,219.8390045
2/11/2015,219.1849976
2/12/2015,221.7640076
2/13/2015,235.427002
2/14/2015,257.3210144
2/15/2015,234.8249969
2/16/2015,233.8430023
2/17/2015,243.6100006
2/18/2015,236.326004
2/19/2015,240.2830048
2/20/2015,243.779007
2/21/2015,244.5339966
2/22/2015,235.977005
2/23/2015,238.8919983
2/24/2015,238.7350006
2/25/2015,237.4700012
2/26/2015,236.4259949
2/27/2015,253.8280029
2/28/2015,254.2630005
3/1/2015,260.2019958
3/2/2015,275.6700134
3/3/2015,281.7019958
3/4/2015,273.0920105
3/5/2015,276.178009
3/6/2015,272.7229919
3/7/2015,276.2609863
3/8/2015,274.3540039
3/9/2015,289.6069946
3/10/2015,291.7600098
3/11/2015,296.3789978
3/12/2015,294.3540039
3/13/2015,285.3370056
3/14/2015,281.8850098
3/15/2015,286.3930054
3/16/2015,290.5929871
3/17/2015,285.5050049
3/18/2015,256.2990112
3/19/2015,260.928009
3/20/2015,261.7489929
3/21/2015,260.0249939
3/22/2015,267.9599915
3/23/2015,266.7399902
3/24/2015,245.5950012
3/25/2015,246.1970062
3/26/2015,248.5319977
3/27/2015,247.029007
3/28/2015,252.7980042
3/29/2015,242.7129974
3/30/2015,247.526001
3/31/2015,244.223999
4/1/2015,247.2720032
4/2/2015,253.0050049
4/3/2015,254.3220062
4/4/2015,253.6970062
4/5/2015,260.5979919
4/6/2015,255.4920044
4/7/2015,253.1799927
4/8/2015,245.0220032
4/9/2015,243.6759949
4/10/2015,236.0720062
4/11/2015,236.552002
4/12/2015,236.1529999
4/13/2015,224.5870056
4/14/2015,219.1589966
4/15/2015,223.8329926
4/16/2015,228.572998
4/17/2015,222.8820038
4/18/2015,223.3560028
4/19/2015,222.6000061
4/20/2015,224.6260071
4/21/2015,235.2689972
4/22/2015,234.1759949
4/23/2015,236.4620056
4/24/2015,231.2680054
4/25/2015,226.3899994
4/26/2015,219.4299927
4/27/2015,229.2859955
4/28/2015,225.8549957
4/29/2015,225.8079987
4/30/2015,236.1450043
5/1/2015,232.0789948
5/2/2015,234.9299927
5/3/2015,240.3580017
5/4/2015,239.0180054
5/5/2015,236.1210022
5/6/2015,229.7819977
5/7/2015,237.3339996
5/8/2015,243.8630066
5/9/2015,241.8320007
5/10/2015,240.2960052
5/11/2015,242.1580048
5/12/2015,241.1119995
5/13/2015,236.3769989
5/14/2015,236.9290009
5/15/2015,237.6049957
5/16/2015,236.1529999
5/17/2015,236.802002
5/18/2015,233.128006
5/19/2015,231.9470062
5/20/2015,234.0180054
5/21/2015,235.3439941
5/22/2015,240.3480072
5/23/2015,238.871994
5/24/2015,240.9530029
5/25/2015,237.1100006
5/26/2015,237.1159973
5/27/2015,237.2830048
5/28/2015,237.4080048
5/29/2015,237.095993
5/30/2015,233.3450012
5/31/2015,230.1900024
6/1/2015,222.9259949
6/2/2015,225.8029938
6/3/2015,225.8739929
6/4/2015,224.3240051
6/5/2015,224.9519958
6/6/2015,225.6190033
6/7/2015,222.8809967
6/8/2015,228.4889984
6/9/2015,229.0480042
6/10/2015,228.8029938
6/11/2015,229.7050018
6/12/2015,229.9819946
6/13/2015,232.4019928
6/14/2015,233.5429993
6/15/2015,236.822998
6/16/2015,250.8950043
6/17/2015,249.2839966
6/18/2015,249.0070038
6/19/2015,244.6060028
6/20/2015,245.2120056
6/21/2015,243.9440002
6/22/2015,246.9900055
6/23/2015,244.2960052
6/24/2015,240.5149994
6/25/2015,242.798996
6/26/2015,243.5939941
6/27/2015,250.9900055
6/28/2015,249.0110016
6/29/2015,257.0639954
6/30/2015,263.071991
7/1/2015,258.6210022
7/2/2015,255.4120026
7/3/2015,256.3359985
7/4/2015,260.8859863
7/5/2015,271.9129944
7/6/2015,269.0299988
7/7/2015,266.2070007
7/8/2015,270.7850037
7/9/2015,269.2279968
7/10/2015,284.8940125
7/11/2015,293.1149902
7/12/2015,310.8670044
7/13/2015,292.0539856
7/14/2015,287.4639893
7/15/2015,285.82901
7/16/2015,278.0889893
7/17/2015,279.4719849
7/18/2015,274.901001
7/19/2015,273.6140137
7/20/2015,278.9809875
7/21/2015,275.8330078
7/22/2015,277.2219849
7/23/2015,276.0490112
7/24/2015,288.2780151
7/25/2015,288.696991
7/26/2015,292.6860046
7/27/2015,293.6239929
7/28/2015,294.427002
7/29/2015,289.5899963
7/30/2015,287.7219849
7/31/2015,284.6499939
8/1/2015,281.6010132
8/2/2015,282.6140137
8/3/2015,281.2269897
8/4/2015,285.2179871
8/5/2015,281.8819885
8/6/2015,278.5769958
8/7/2015,279.5849915
8/8/2015,260.9970093
8/9/2015,265.0830078
8/10/2015,264.4700012
8/11/2015,270.3859863
8/12/2015,266.3760071
8/13/2015,264.0799866
8/14/2015,265.6799927
8/15/2015,261.5509949
8/16/2015,258.5069885
8/17/2015,257.9760132
8/18/2015,211.0789948
8/19/2015,226.6840057
8/20/2015,235.3500061
8/21/2015,232.5690002
8/22/2015,230.3899994
8/23/2015,228.1690063
8/24/2015,210.4949951
8/25/2015,221.6089935
8/26/2015,225.8309937
8/27/2015,224.7689972
8/28/2015,231.3959961
8/29/2015,229.7799988
8/30/2015,228.7610016
8/31/2015,230.0559998
9/1/2015,228.1210022
9/2/2015,229.2839966
9/3/2015,227.1829987
9/4/2015,230.2980042
9/5/2015,235.0189972
9/6/2015,239.8399963
9/7/2015,239.8470001
9/8/2015,243.6069946
9/9/2015,238.1679993
9/10/2015,238.477005
9/11/2015,240.1069946
9/12/2015,235.2290039
9/13/2015,230.5119934
9/14/2015,230.6439972
9/15/2015,230.3040009
9/16/2015,229.0910034
9/17/2015,229.8099976
9/18/2015,232.9750061
9/19/2015,231.4929962
9/20/2015,231.2120056
9/21/2015,227.0850067
9/22/2015,230.6179962
9/23/2015,230.2830048
9/24/2015,234.529007
9/25/2015,235.1439972
9/26/2015,234.3399963
9/27/2015,232.7570038
9/28/2015,239.1419983
9/29/2015,236.6869965
9/30/2015,236.0599976
10/1/2015,237.548996
10/2/2015,237.2929993
10/3/2015,238.7299957
10/4/2015,238.2590027
10/5/2015,240.3829956
10/6/2015,246.0630035
10/7/2015,242.9689941
10/8/2015,242.3040009
10/9/2015,243.9309998
10/10/2015,244.9409943
10/11/2015,247.0500031
10/12/2015,245.3079987
10/13/2015,249.5079956
10/14/2015,251.9889984
10/15/2015,254.3200073
10/16/2015,262.868988
10/17/2015,270.6400146
10/18/2015,261.6430054
10/19/2015,263.4370117
10/20/2015,269.4630127
10/21/2015,266.2720032
10/22/2015,274.0230103
10/23/2015,276.4960022
10/24/2015,281.6539917
10/25/2015,283.6799927
10/26/2015,285.2999878
10/27/2015,293.7879944
10/28/2015,304.6180115
10/29/2015,313.855011
10/30/2015,328.0150146
10/31/2015,314.1659851
11/1/2015,325.4309998
11/2/2015,361.1889954
11/3/2015,403.4169922
11/4/2015,411.5629883
11/5/2015,386.3540039
11/6/2015,374.4700012
11/7/2015,386.4819946
11/8/2015,373.3680115
11/9/2015,380.2569885
11/10/2015,336.8190002
11/11/2015,311.0840149
11/12/2015,338.1520081
11/13/2015,336.7529907
11/14/2015,332.9060059
11/15/2015,320.1659851
11/16/2015,330.7510071
11/17/2015,335.0939941
11/18/2015,334.5899963
11/19/2015,326.1489868
11/20/2015,322.0220032
11/21/2015,326.927002
11/22/2015,324.5360107
11/23/2015,323.04599
11/24/2015,320.04599
11/25/2015,328.2059937
11/26/2015,352.6839905
11/27/2015,358.0419922
11/28/2015,357.381012
11/29/2015,371.2940063
11/30/2015,377.3210144
12/1/2015,362.4880066
12/2/2015,359.1870117
12/3/2015,361.04599
12/4/2015,363.1830139
12/5/2015,388.9490051
12/6/2015,388.7829895
12/7/2015,395.5360107
12/8/2015,415.5629883
12/9/2015,417.5629883
12/10/2015,415.4790039
12/11/2015,451.9379883
12/12/2015,434.9970093
12/13/2015,433.7550049
12/14/2015,444.1820068
12/15/2015,465.3210144
12/16/2015,454.9339905
12/17/2015,456.0780029
12/18/2015,463.6159973
12/19/2015,462.321991
12/20/2015,442.6849976
12/21/2015,438.6390076
12/22/2015,436.571991
12/23/2015,442.401001
12/24/2015,454.9849854
12/25/2015,455.6530151
12/26/2015,417.2739868
12/27/2015,422.822998
12/28/2015,422.2789917
12/29/2015,432.9830017
12/30/2015,426.6199951
12/31/2015,430.5669861
1/1/2016,434.3340149
1/2/2016,433.4379883
1/3/2016,430.0109863
1/4/2016,433.0910034
1/5/2016,431.9599915
1/6/2016,429.105011
1/7/2016,458.0480042
1/8/2016,453.230011
1/9/2016,447.6109924
1/10/2016,447.9909973
1/11/2016,448.428009
1/12/2016,435.6900024
1/13/2016,432.3710022
1/14/2016,430.3059998
1/15/2016,364.3309937
1/16/2016,387.5360107
1/17/2016,382.2990112
1/18/2016,387.1679993
1/19/2016,380.1489868
1/20/2016,420.230011
1/21/2016,410.2619934
1/22/2016,382.4920044
1/23/2016,387.4909973
1/24/2016,402.9710083
1/25/2016,391.7260132
1/26/2016,392.1530151
1/27/2016,394.9719849
1/28/2016,380.2890015
1/29/2016,379.473999
1/30/2016,378.2550049
1/31/2016,368.7669983
2/1/2016,373.0559998
2/2/2016,374.447998
2/3/2016,369.9490051
2/4/2016,389.5939941
2/5/2016,386.5490112
2/6/2016,376.5220032
2/7/2016,376.6199951
2/8/2016,373.446991
2/9/2016,376.0289917
2/10/2016,381.6489868
2/11/2016,379.6539917
2/12/2016,384.2630005
2/13/2016,391.8599854
2/14/2016,407.230011
2/15/2016,400.1849976
2/16/2016,407.4880066
2/17/2016,416.321991
2/18/2016,422.3729858
2/19/2016,420.7850037
2/20/2016,437.1640015
2/21/2016,438.7980042
2/22/2016,437.7479858
2/23/2016,420.7359924
2/24/2016,424.9549866
2/25/2016,424.5440063
2/26/2016,432.1520081
2/27/2016,432.5190125
2/28/2016,433.5039978
2/29/2016,437.696991
3/1/2016,435.1229858
3/2/2016,423.9890137
3/3/2016,421.651001
3/4/2016,410.9389954
3/5/2016,400.5700073
3/6/2016,407.7070007
3/7/2016,414.3210144
3/8/2016,413.9719849
3/9/2016,414.8599854
3/10/2016,417.131012
3/11/2016,421.6900024
3/12/2016,411.6239929
3/13/2016,414.0650024
3/14/2016,416.4379883
3/15/2016,416.8299866
3/16/2016,417.0109863
3/17/2016,420.6210022
3/18/2016,409.5480042
3/19/2016,410.4440002
3/20/2016,413.7550049
3/21/2016,413.3070068
3/22/2016,418.0889893
3/23/2016,418.0409851
3/24/2016,416.3940125
3/25/2016,417.177002
3/26/2016,417.9450073
3/27/2016,426.7650146
3/28/2016,424.2309875
3/29/2016,416.5159912
3/30/2016,414.8160095
3/31/2016,416.7290039
4/1/2016,417.9599915
4/2/2016,420.8729858
4/3/2016,420.9039917
4/4/2016,421.4440002
4/5/2016,424.0299988
4/6/2016,423.4129944
4/7/2016,422.7449951
4/8/2016,420.348999
4/9/2016,419.4110107
4/10/2016,421.5639954
4/11/2016,422.4830017
4/12/2016,425.1900024
4/13/2016,423.7340088
4/14/2016,424.2820129
4/15/2016,429.7130127
4/16/2016,430.571991
4/17/2016,427.3989868
4/18/2016,428.5910034
4/19/2016,435.5090027
4/20/2016,441.3890076
4/21/2016,449.4249878
4/22/2016,445.7369995
4/23/2016,450.2820129
4/24/2016,458.5549927
4/25/2016,461.4259949
4/26/2016,466.0889893
4/27/2016,444.6870117
4/28/2016,449.0109863
4/29/2016,455.0969849
4/30/2016,448.3179932
5/1/2016,451.875
5/2/2016,444.6690063
5/3/2016,450.3039856
5/4/2016,446.7219849
5/5/2016,447.9760132
5/6/2016,459.6029968
5/7/2016,458.5360107
5/8/2016,458.5480042
5/9/2016,460.4830017
5/10/2016,450.894989
5/11/2016,452.7279968
5/12/2016,454.7659912
5/13/2016,455.6700134
5/14/2016,455.67099
5/15/2016,457.5679932
5/16/2016,454.1629944
5/17/2016,453.7829895
5/18/2016,454.618988
5/19/2016,438.7149963
5/20/2016,442.6759949
5/21/2016,443.1879883
5/22/2016,439.322998
5/23/2016,444.1549988
5/24/2016,445.9809875
5/25/2016,449.598999
5/26/2016,453.3840027
5/27/2016,473.4639893
5/28/2016,530.039978
5/29/2016,526.2329712
5/30/2016,533.8640137
5/31/2016,531.3859863
6/1/2016,536.9199829
6/2/2016,537.9719849
6/3/2016,569.1939697
6/4/2016,572.7269897
6/5/2016,574.9769897
6/6/2016,585.5369873
6/7/2016,576.5969849
6/8/2016,581.6450195
6/9/2016,574.6300049
6/10/2016,577.4699707
6/11/2016,606.7269897
6/12/2016,672.7839966
6/13/2016,704.3759766
6/14/2016,685.559021
6/15/2016,694.4689941
6/16/2016,766.3079834
6/17/2016,748.9089966
6/18/2016,756.2269897
6/19/2016,763.7810059
6/20/2016,737.2260132
6/21/2016,666.6519775
6/22/2016,596.1160278
6/23/2016,623.9769897
6/24/2016,665.2990112
6/25/2016,665.1229858
6/26/2016,629.3670044
6/27/2016,655.2750244
6/28/2016,647.0009766
6/29/2016,639.8900146
6/30/2016,673.3369751
7/1/2016,676.2960205
7/2/2016,703.7020264
7/3/2016,658.6640015
7/4/2016,683.6619873
7/5/2016,670.6270142
7/6/2016,677.3309937
7/7/2016,640.5620117
7/8/2016,666.5230103
7/9/2016,650.960022
7/10/2016,649.3599854
7/11/2016,647.6589966
7/12/2016,664.5510254
7/13/2016,654.4680176
7/14/2016,658.0780029
7/15/2016,663.2550049
7/16/2016,660.7670288
7/17/2016,679.4589844
7/18/2016,673.1060181
7/19/2016,672.8640137
7/20/2016,665.6849976
7/21/2016,665.0120239
7/22/2016,650.6190186
7/23/2016,655.5560303
7/24/2016,661.2849731
7/25/2016,654.0969849
7/26/2016,651.7839966
7/27/2016,654.3519897
7/28/2016,655.0349731
7/29/2016,656.9920044
7/30/2016,655.0469971
7/31/2016,624.6810303
8/1/2016,606.2719727
8/2/2016,547.4650269
8/3/2016,566.3549805
8/4/2016,578.2890015
8/5/2016,575.0430298
8/6/2016,587.7780151
8/7/2016,592.6900024
8/8/2016,591.0540161
8/9/2016,587.8010254
8/10/2016,592.1030273
8/11/2016,589.1199951
8/12/2016,587.559021
8/13/2016,585.5880127
8/14/2016,570.4730225
8/15/2016,567.2399902
8/16/2016,577.4390259
8/17/2016,573.2160034
8/18/2016,574.3179932
8/19/2016,575.6300049
8/20/2016,581.6970215
8/21/2016,581.3079834
8/22/2016,586.7529907
8/23/2016,583.414978
8/24/2016,580.1820068
8/25/2016,577.7609863
8/26/2016,579.651001
8/27/2016,569.9470215
8/28/2016,573.9119873
8/29/2016,574.1069946
8/30/2016,577.5029907
8/31/2016,575.4719849
9/1/2016,572.3029785
9/2/2016,575.5369873
9/3/2016,598.2119751
9/4/2016,608.6339722
9/5/2016,606.5900269
9/6/2016,610.4359741
9/7/2016,614.5440063
9/8/2016,626.315979
9/9/2016,622.8610229
9/10/2016,623.5089722
9/11/2016,606.7189941
9/12/2016,608.242981
9/13/2016,609.2410278
9/14/2016,610.684021
9/15/2016,607.1550293
9/16/2016,606.9730225
9/17/2016,605.9840088
9/18/2016,609.8740234
9/19/2016,609.2269897
9/20/2016,608.3120117
9/21/2016,597.1489868
9/22/2016,596.2979736
9/23/2016,602.84198
9/24/2016,602.625
9/25/2016,600.8259888
9/26/2016,608.0430298
9/27/2016,606.1660156
9/28/2016,604.7280273
9/29/2016,605.6929932
9/30/2016,609.7349854
10/1/2016,613.9829712
10/2/2016,610.8920288
10/3/2016,612.1329956
10/4/2016,610.2039795
10/5/2016,612.5109863
10/6/2016,613.0209961
10/7/2016,617.1209717
10/8/2016,619.1079712
10/9/2016,616.7520142
10/10/2016,618.9940186
10/11/2016,641.0720215
10/12/2016,636.1920166
10/13/2016,636.7860107
10/14/2016,640.3779907
10/15/2016,638.6459961
10/16/2016,641.6309814
10/17/2016,639.1929932
10/18/2016,637.960022
10/19/2016,630.5200195
10/20/2016,630.8569946
10/21/2016,632.8280029
10/22/2016,657.2940063
10/23/2016,657.0709839
10/24/2016,653.7609863
10/25/2016,657.5880127
10/26/2016,678.3040161
10/27/2016,688.3129883
10/28/2016,689.651001
10/29/2016,714.4790039
10/30/2016,701.8640137
10/31/2016,700.9719849
11/1/2016,729.7930298
11/2/2016,740.8289795
11/3/2016,688.7000122
11/4/2016,703.2349854
11/5/2016,703.4180298
11/6/2016,711.5219727
11/7/2016,703.1309814
11/8/2016,709.8480225
11/9/2016,723.2730103
11/10/2016,715.5339966
11/11/2016,716.4110107
11/12/2016,705.0540161
11/13/2016,702.0310059
11/14/2016,705.0209961
11/15/2016,711.6190186
11/16/2016,744.197998
11/17/2016,740.9769897
11/18/2016,751.585022
11/19/2016,751.6160278
11/20/2016,731.026001
11/21/2016,739.2479858
11/22/2016,751.3469849
11/23/2016,744.5939941
11/24/2016,740.2890015
11/25/2016,741.6489868
11/26/2016,735.382019
11/27/2016,732.0349731
11/28/2016,735.8129883
11/29/2016,735.6040039
11/30/2016,745.690979
12/1/2016,756.7739868
12/2/2016,777.9439697
12/3/2016,771.1550293
12/4/2016,773.8720093
12/5/2016,758.7000122
12/6/2016,764.223999
12/7/2016,768.132019
12/8/2016,770.8099976
12/9/2016,772.7940063
12/10/2016,774.6500244
12/11/2016,769.7310181
12/12/2016,780.0869751
12/13/2016,780.5560303
12/14/2016,781.4810181
12/15/2016,778.0880127
12/16/2016,784.9069824
12/17/2016,790.8289795
12/18/2016,790.5300293
12/19/2016,792.7139893
12/20/2016,800.8759766
12/21/2016,834.2810059
12/22/2016,864.539978
12/23/2016,921.9840088
12/24/2016,898.8220215
12/25/2016,896.1829834
12/26/2016,907.6099854
12/27/2016,933.197998
12/28/2016,975.9210205
12/29/2016,973.4970093
12/30/2016,961.2379761
12/31/2016,963.742981
1/1/2017,998.3250122
1/2/2017,1021.75
1/3/2017,1043.839966
1/4/2017,1154.72998
1/5/2017,1013.380005
1/6/2017,902.2009888
1/7/2017,908.585022
1/8/2017,911.1989746
1/9/2017,902.8280029
1/10/2017,907.6790161
1/11/2017,777.757019
1/12/2017,804.8339844
1/13/2017,823.9840088
1/14/2017,818.4119873
1/15/2017,821.7979736
1/16/2017,831.5339966
1/17/2017,907.9379883
1/18/2017,886.617981
1/19/2017,899.072998
1/20/2017,895.026001
1/21/2017,921.7890015
1/22/2017,924.6729736
1/23/2017,921.0120239
1/24/2017,892.6870117
1/25/2017,901.5419922
1/26/2017,917.5859985
1/27/2017,919.75
1/28/2017,921.5900269
1/29/2017,919.4959717
1/30/2017,920.382019
1/31/2017,970.4030151
2/1/2017,989.0230103
2/2/2017,1011.799988
2/3/2017,1029.910034
2/4/2017,1042.900024
2/5/2017,1027.339966
2/6/2017,1038.150024
2/7/2017,1061.349976
2/8/2017,1063.069946
2/9/2017,994.3829956
2/10/2017,988.6740112
2/11/2017,1004.450012
2/12/2017,999.1810303
2/13/2017,990.6420288
2/14/2017,1004.549988
2/15/2017,1007.47998
2/16/2017,1027.439941
2/17/2017,1046.209961
2/18/2017,1054.420044
2/19/2017,1047.869995
2/20/2017,1079.97998
2/21/2017,1115.300049
2/22/2017,1117.439941
2/23/2017,1166.719971
2/24/2017,1173.680054
2/25/2017,1143.839966
2/26/2017,1165.199951
2/27/2017,1179.969971
2/28/2017,1179.969971
3/1/2017,1222.5
3/2/2017,1251.01001
3/3/2017,1274.98999
3/4/2017,1255.150024
3/5/2017,1267.119995
3/6/2017,1272.829956
3/7/2017,1223.540039
3/8/2017,1150
3/9/2017,1188.48999
3/10/2017,1116.719971
3/11/2017,1175.829956
3/12/2017,1221.380005
3/13/2017,1231.920044
3/14/2017,1240
3/15/2017,1249.609985
3/16/2017,1187.810059
3/17/2017,1100.22998
3/18/2017,973.8179932
3/19/2017,1036.73999
3/20/2017,1054.22998
3/21/2017,1120.540039
3/22/2017,1049.140015
3/23/2017,1038.589966
3/24/2017,937.5200195
3/25/2017,972.7789917
3/26/2017,966.7249756
3/27/2017,1045.77002
3/28/2017,1047.150024
3/29/2017,1039.969971
3/30/2017,1026.430054
3/31/2017,1071.790039
4/1/2017,1080.5
4/2/2017,1102.170044
4/3/2017,1143.810059
4/4/2017,1133.25
4/5/2017,1124.780029
4/6/2017,1182.680054
4/7/2017,1176.900024
4/8/2017,1175.949951
4/9/2017,1187.869995
4/10/2017,1187.130005
4/11/2017,1205.01001
4/12/2017,1200.369995
4/13/2017,1169.280029
4/14/2017,1167.540039
4/15/2017,1172.52002
4/16/2017,1182.939941
4/17/2017,1193.910034
4/18/2017,1211.670044
4/19/2017,1210.290039
4/20/2017,1229.079956
4/21/2017,1222.050049
4/22/2017,1231.709961
4/23/2017,1207.209961
4/24/2017,1250.150024
4/25/2017,1265.48999
4/26/2017,1281.079956
4/27/2017,1317.72998
4/28/2017,1316.47998
4/29/2017,1321.790039
4/30/2017,1347.890015
5/1/2017,1421.599976
5/2/2017,1452.819946
5/3/2017,1490.089966
5/4/2017,1537.670044
5/5/2017,1555.449951
5/6/2017,1578.800049
5/7/2017,1596.709961
5/8/2017,1723.349976
5/9/2017,1755.359985
5/10/2017,1787.130005
5/11/2017,1848.569946
5/12/2017,1724.23999
5/13/2017,1804.910034
5/14/2017,1808.910034
5/15/2017,1738.430054
5/16/2017,1734.449951
5/17/2017,1839.089966
5/18/2017,1888.650024
5/19/2017,1987.709961
5/20/2017,2084.72998
5/21/2017,2041.199951
5/22/2017,2173.399902
5/23/2017,2320.419922
5/24/2017,2443.639893
5/25/2017,2304.97998
5/26/2017,2202.419922
5/27/2017,2038.869995
5/28/2017,2155.800049
5/29/2017,2255.610107
5/30/2017,2175.469971
5/31/2017,2286.409912
6/1/2017,2407.879883
6/2/2017,2488.550049
6/3/2017,2515.350098
6/4/2017,2511.810059
6/5/2017,2686.810059
6/6/2017,2863.199951
6/7/2017,2732.159912
6/8/2017,2805.620117
6/9/2017,2823.810059
6/10/2017,2947.709961
6/11/2017,2958.110107
6/12/2017,2659.629883
6/13/2017,2717.02002
6/14/2017,2506.370117
6/15/2017,2464.580078
6/16/2017,2518.560059
6/17/2017,2655.879883
6/18/2017,2548.290039
6/19/2017,2589.600098
6/20/2017,2721.790039
6/21/2017,2689.100098
6/22/2017,2705.409912
6/23/2017,2744.909912
6/24/2017,2608.719971
6/25/2017,2589.409912
6/26/2017,2478.449951
6/27/2017,2552.449951
6/28/2017,2574.790039
6/29/2017,2539.320068
6/30/2017,2480.840088
7/1/2017,2434.550049
7/2/2017,2506.469971
7/3/2017,2564.060059
7/4/2017,2601.639893
7/5/2017,2601.98999
7/6/2017,2608.560059
7/7/2017,2518.659912
7/8/2017,2571.340088
7/9/2017,2518.439941
7/10/2017,2372.560059
7/11/2017,2337.790039
7/12/2017,2398.840088
7/13/2017,2357.899902
7/14/2017,2233.340088
7/15/2017,1998.859985
7/16/2017,1929.819946
7/17/2017,2228.409912
7/18/2017,2318.879883
7/19/2017,2273.429932
7/20/2017,2817.600098
7/21/2017,2667.76001
7/22/2017,2810.120117
7/23/2017,2730.399902
7/24/2017,2754.860107
7/25/2017,2576.47998
7/26/2017,2529.449951
7/27/2017,2671.780029
7/28/2017,2809.01001
7/29/2017,2726.449951
7/30/2017,2757.179932
7/31/2017,2875.340088
8/1/2017,2718.26001
8/2/2017,2710.669922
8/3/2017,2804.72998
8/4/2017,2895.889893
8/5/2017,3252.909912
8/6/2017,3213.939941
8/7/2017,3378.939941
8/8/2017,3419.939941
8/9/2017,3342.469971
8/10/2017,3381.280029
8/11/2017,3650.620117
8/12/2017,3884.709961
8/13/2017,4073.26001
8/14/2017,4325.129883
8/15/2017,4181.930176
8/16/2017,4376.629883
8/17/2017,4331.689941
8/18/2017,4160.620117
8/19/2017,4193.700195
8/20/2017,4087.659912
8/21/2017,4001.73999
8/22/2017,4100.52002
8/23/2017,4151.52002
8/24/2017,4334.680176
8/25/2017,4371.600098
8/26/2017,4352.399902
8/27/2017,4382.879883
8/28/2017,4382.660156
8/29/2017,4579.02002
8/30/2017,4565.299805
8/31/2017,4703.390137
9/1/2017,4892.009766
9/2/2017,4578.77002
9/3/2017,4582.959961
9/4/2017,4236.310059
9/5/2017,4376.529785
9/6/2017,4597.120117
9/7/2017,4599.879883
9/8/2017,4228.75
9/9/2017,4226.060059
9/10/2017,4122.939941
9/11/2017,4161.27002
9/12/2017,4130.810059
9/13/2017,3882.590088
9/14/2017,3154.949951
9/15/2017,3637.52002
9/16/2017,3625.040039
9/17/2017,3582.879883
9/18/2017,4065.199951
9/19/2017,3924.969971
9/20/2017,3905.949951
9/21/2017,3631.040039
9/22/2017,3630.699951
9/23/2017,3792.399902
9/24/2017,3682.840088
9/25/2017,3926.070068
9/26/2017,3892.350098
9/27/2017,4200.669922
9/28/2017,4174.72998
9/29/2017,4163.069824
9/30/2017,4338.709961
10/1/2017,4403.740234
10/2/2017,4409.319824
10/3/2017,4317.47998
10/4/2017,4229.359863
10/5/2017,4328.410156
10/6/2017,4370.810059
10/7/2017,4426.890137
10/8/2017,4610.47998
10/9/2017,4772.02002
10/10/2017,4781.990234
10/11/2017,4826.47998
10/12/2017,5446.910156
10/13/2017,5647.209961
10/14/2017,5831.790039
10/15/2017,5678.189941
10/16/2017,5725.589844
10/17/2017,5605.509766
10/18/2017,5590.689941
10/19/2017,5708.52002
10/20/2017,6011.450195
10/21/2017,6031.600098
10/22/2017,6008.419922
10/23/2017,5930.319824
10/24/2017,5526.640137
10/25/2017,5750.799805
10/26/2017,5904.830078
10/27/2017,5780.899902
10/28/2017,5753.089844
10/29/2017,6153.850098
10/30/2017,6130.529785
10/31/2017,6468.399902
11/1/2017,6767.310059
11/2/2017,7078.5
11/3/2017,7207.759766
11/4/2017,7379.950195
11/5/2017,7407.410156
11/6/2017,7022.759766
11/7/2017,7144.379883
11/8/2017,7459.689941
11/9/2017,7143.580078
11/10/2017,6618.140137
11/11/2017,6357.600098
11/12/2017,5950.069824
11/13/2017,6559.490234
11/14/2017,6635.75
11/15/2017,7315.540039
11/16/2017,7871.689941
11/17/2017,7708.990234
11/18/2017,7790.149902
11/19/2017,8036.490234
11/20/2017,8200.639648
11/21/2017,8071.259766
11/22/2017,8253.549805
11/23/2017,8038.77002
11/24/2017,8253.69043
11/25/2017,8790.919922
11/26/2017,9330.549805
11/27/2017,9818.349609
11/28/2017,10058.7998
11/29/2017,9888.610352
11/30/2017,10233.59961
12/1/2017,10975.59961
12/2/2017,11074.59961
12/3/2017,11323.2002
12/4/2017,11657.2002
12/5/2017,11916.7002
12/6/2017,14291.5
12/7/2017,17899.69922
12/8/2017,16569.40039
12/9/2017,15178.2002
12/10/2017,15455.40039
12/11/2017,16936.80078
12/12/2017,17415.40039
12/13/2017,16408.19922
12/14/2017,16564
12/15/2017,17706.90039
12/16/2017,19497.40039
12/17/2017,19140.80078
12/18/2017,19114.19922
12/19/2017,17776.69922
12/20/2017,16624.59961
12/21/2017,15802.90039
12/22/2017,13831.7998
12/23/2017,14699.2002
12/24/2017,13925.7998
12/25/2017,14026.59961
12/26/2017,16099.7998
12/27/2017,15838.5
12/28/2017,14606.5
12/29/2017,14656.2002
12/30/2017,12952.2002
12/31/2017,14156.40039
1/1/2018,13657.2002
1/2/2018,14982.09961
1/3/2018,15201
1/4/2018,15599.2002
1/5/2018,17429.5
1/6/2018,17527
1/7/2018,16477.59961
1/8/2018,15170.09961
1/9/2018,14595.40039
1/10/2018,14973.2998
1/11/2018,13405.7998
1/12/2018,13980.59961
1/13/2018,14360.2002
1/14/2018,13772
1/15/2018,13819.7998
1/16/2018,11490.5
1/17/2018,11188.59961
1/18/2018,11474.90039
1/19/2018,11607.40039
1/20/2018,12899.2002
1/21/2018,11600.09961
1/22/2018,10931.40039
1/23/2018,10868.40039
1/24/2018,11359.40039
1/25/2018,11259.40039
1/26/2018,11171.40039
1/27/2018,11440.7002
1/28/2018,11786.2998
1/29/2018,11296.40039
1/30/2018,10106.2998
1/31/2018,10221.09961
2/1/2018,9170.540039
2/2/2018,8830.75
2/3/2018,9174.910156
2/4/2018,8277.009766
2/5/2018,6955.27002
2/6/2018,7754
2/7/2018,7621.299805
2/8/2018,8265.589844
2/9/2018,8736.980469
2/10/2018,8621.900391
2/11/2018,8129.970215
2/12/2018,8926.570313
2/13/2018,8598.30957
2/14/2018,9494.629883
2/15/2018,10166.40039
2/16/2018,10233.90039
2/17/2018,11112.7002
2/18/2018,10551.7998
2/19/2018,11225.2998
2/20/2018,11403.7002
2/21/2018,10690.40039
2/22/2018,10005
2/23/2018,10301.09961
2/24/2018,9813.070313
2/25/2018,9664.730469
2/26/2018,10366.7002
2/27/2018,10725.59961
2/28/2018,10397.90039
3/1/2018,10951
3/2/2018,11086.40039
3/3/2018,11489.7002
3/4/2018,11512.59961
3/5/2018,11573.2998
3/6/2018,10779.90039
3/7/2018,9965.570313
3/8/2018,9395.009766
3/9/2018,9337.549805
3/10/2018,8866
3/11/2018,9578.629883
3/12/2018,9205.120117
3/13/2018,9194.849609
3/14/2018,8269.80957
3/15/2018,8300.860352
3/16/2018,8338.349609
3/17/2018,7916.879883
3/18/2018,8223.679688
3/19/2018,8630.650391
3/20/2018,8913.469727
3/21/2018,8929.280273
3/22/2018,8728.469727
3/23/2018,8879.620117
3/24/2018,8668.120117
3/25/2018,8495.780273
3/26/2018,8209.400391
3/27/2018,7833.040039
3/28/2018,7954.47998
3/29/2018,7165.700195
3/30/2018,6890.52002
3/31/2018,6973.529785
4/1/2018,6844.22998
4/2/2018,7083.799805
4/3/2018,7456.109863
4/4/2018,6853.839844
4/5/2018,6811.470215
4/6/2018,6636.319824
4/7/2018,6911.089844
4/8/2018,7023.52002
4/9/2018,6770.72998
4/10/2018,6834.759766
4/11/2018,6968.319824
4/12/2018,7889.25
4/13/2018,7895.959961
4/14/2018,7986.240234
4/15/2018,8329.110352
4/16/2018,8058.669922
4/17/2018,7902.089844
4/18/2018,8163.419922
4/19/2018,8294.30957
4/20/2018,8845.830078
4/21/2018,8895.580078
4/22/2018,8802.459961
4/23/2018,8930.879883
4/24/2018,9697.5
4/25/2018,8845.740234
4/26/2018,9281.509766
4/27/2018,8987.049805
4/28/2018,9348.480469
4/29/2018,9419.080078
4/30/2018,9240.549805
5/1/2018,9119.009766
5/2/2018,9235.919922
5/3/2018,9743.860352
5/4/2018,9700.759766
5/5/2018,9858.150391
5/6/2018,9654.799805
5/7/2018,9373.009766
5/8/2018,9234.820313
5/9/2018,9325.179688
5/10/2018,9043.94043
5/11/2018,8441.490234
5/12/2018,8504.889648
5/13/2018,8723.94043
5/14/2018,8716.790039
5/15/2018,8510.379883
5/16/2018,8368.830078
5/17/2018,8094.319824
5/18/2018,8250.969727
5/19/2018,8247.179688
5/20/2018,8513.25
5/21/2018,8418.990234
5/22/2018,8041.779785
5/23/2018,7557.819824
5/24/2018,7587.339844
5/25/2018,7480.140137
5/26/2018,7355.879883
5/27/2018,7368.220215
5/28/2018,7135.990234
5/29/2018,7472.589844
5/30/2018,7406.52002
5/31/2018,7494.169922
6/1/2018,7541.450195
6/2/2018,7643.450195
6/3/2018,7720.25
6/4/2018,7514.470215
6/5/2018,7633.759766
6/6/2018,7653.97998
6/7/2018,7678.240234
6/8/2018,7624.919922
6/9/2018,7531.97998
6/10/2018,6786.02002
6/11/2018,6906.919922
6/12/2018,6582.359863
6/13/2018,6349.899902
6/14/2018,6675.350098
6/15/2018,6456.580078
6/16/2018,6550.160156
6/17/2018,6499.27002
6/18/2018,6734.819824
6/19/2018,6769.939941
6/20/2018,6776.549805
6/21/2018,6729.740234
6/22/2018,6083.689941
6/23/2018,6162.47998
6/24/2018,6173.22998
6/25/2018,6249.180176
6/26/2018,6093.669922
6/27/2018,6157.129883
6/28/2018,5903.439941
6/29/2018,6218.299805
6/30/2018,6404
7/1/2018,6385.819824
7/2/2018,6614.180176
7/3/2018,6529.589844
7/4/2018,6597.549805
7/5/2018,6639.140137
7/6/2018,6673.5
7/7/2018,6856.930176
7/8/2018,6773.879883
7/9/2018,6741.75
7/10/2018,6329.950195
7/11/2018,6394.709961
7/12/2018,6228.810059
7/13/2018,6238.049805
7/14/2018,6276.120117
7/15/2018,6359.640137
7/16/2018,6741.75
7/17/2018,7321.040039
7/18/2018,7370.779785
7/19/2018,7466.859863
7/20/2018,7354.129883
7/21/2018,7419.290039
7/22/2018,7418.490234
7/23/2018,7711.109863
7/24/2018,8424.269531
7/25/2018,8181.390137
7/26/2018,7951.580078
7/27/2018,8165.009766
7/28/2018,8192.150391
7/29/2018,8218.459961
7/30/2018,8180.48
7/31/2018,7780.44
8/1/2018,7624.91
8/2/2018,7567.15
8/3/2018,7434.39
8/4/2018,7032.85
8/5/2018,7068.48
8/6/2018,6951.8
8/7/2018,6753.12
8/8/2018,6305.8
8/9/2018,6568.23
8/10/2018,6184.71
8/11/2018,6295.73
8/12/2018,6322.69
8/13/2018,6297.57
8/14/2018,6199.71
8/15/2018,6308.52
8/16/2018,6334.73
8/17/2018,6580.63
8/18/2018,6423.76
8/19/2018,6506.07
8/20/2018,6308.53
8/21/2018,6488.76
8/22/2018,6376.71
8/23/2018,6534.88
8/24/2018,6719.96
8/25/2018,6763.19
8/26/2018,6707.26
8/27/2018,6884.64
8/28/2018,7096.28
8/29/2018,7047.16
8/30/2018,6978.23
8/31/2018,7037.58
9/1/2018,7193.25
9/2/2018,7272.72
9/3/2018,7260.06
9/4/2018,7361.66
9/5/2018,6792.83
9/6/2018,6529.17
9/7/2018,6467.07
9/8/2018,6225.98
9/9/2018,6300.86
9/10/2018,6329.7
9/11/2018,6321.2
9/12/2018,6351.8
9/13/2018,6517.31
9/14/2018,6512.71
9/15/2018,6543.2
9/16/2018,6517.18
9/17/2018,6281.2
9/18/2018,6371.3
9/19/2018,6398.54
9/20/2018,6519.67
9/21/2018,6734.95
9/22/2018,6721.98
9/23/2018,6710.63
9/24/2018,6595.41
9/25/2018,6446.47
9/26/2018,6495
9/27/2018,6676.75
9/28/2018,6644.13
9/29/2018,6601.96
9/30/2018,6625.56
10/1/2018,6589.62
10/2/2018,6556.1
10/3/2018,6502.59
10/4/2018,6576.69
10/5/2018,6622.48
10/6/2018,6588.31
10/7/2018,6602.95
10/8/2018,6652.23
10/9/2018,6642.64
10/10/2018,6585.53
10/11/2018,6256.24
10/12/2018,6274.58
10/13/2018,6285.99
10/14/2018,6290.93
10/15/2018,6596.54
10/16/2018,6596.11
10/17/2018,6544.43
10/18/2018,6476.71
10/19/2018,6465.41
10/20/2018,6489.19
10/21/2018,6482.35
10/22/2018,6487.16
10/23/2018,6475.74
10/24/2018,6495.84
10/25/2018,6476.29
10/26/2018,6474.75
10/27/2018,6480.38
10/28/2018,6486.39
10/29/2018,6332.63
10/30/2018,6334.27
10/31/2018,6317.61
11/1/2018,6377.78
11/2/2018,6388.44
11/3/2018,6361.26
11/4/2018,6376.13
11/5/2018,6419.66
11/6/2018,6461.01
11/7/2018,6530.14
11/8/2018,6453.72
11/9/2018,6385.62
11/10/2018,6409.22
11/11/2018,6411.27
11/12/2018,6371.27
11/13/2018,6359.49
11/14/2018,5738.35
11/15/2018,5648.03
11/16/2018,5575.55
11/17/2018,5554.33
11/18/2018,5623.54
11/19/2018,4871.49
11/20/2018,4451.87
11/21/2018,4602.17
11/22/2018,4365.94
11/23/2018,4347.11
11/24/2018,3880.76
11/25/2018,4009.97
11/26/2018,3779.13
11/27/2018,3820.72
11/28/2018,4257.42
11/29/2018,4278.846455
11/30/2018,4017.268457
12/1/2018,4214.671932
12/2/2018,4139.878064
12/3/2018,3894.130907
12/4/2018,3956.89387
12/5/2018,3753.994827
12/6/2018,3521.101724
12/7/2018,3419.9372
12/8/2018,3476.114715
12/9/2018,3614.234273
12/10/2018,3502.655996
12/11/2018,3424.588075
12/12/2018,3486.950144
12/13/2018,3313.677258
12/14/2018,3242.484763
12/15/2018,3236.761645
12/16/2018,3252.839026
12/17/2018,3545.864761
12/18/2018,3696.059128
12/19/2018,3745.950765
12/20/2018,4134.441203
12/21/2018,3896.543717
12/22/2018,4014.182514
12/23/2018,3998.980342
12/24/2018,4078.599195
12/25/2018,3815.49061
12/26/2018,3857.29752
12/27/2018,3654.833539
12/28/2018,3923.918594
12/29/2018,3820.408682
12/30/2018,3865.952577
12/31/2018,3742.700335
1/1/2019,3843.519967
1/2/2019,3943.409337
1/3/2019,3836.741319
1/4/2019,3857.717619
1/5/2019,3845.19446
1/6/2019,4076.632685
1/7/2019,4025.248287
1/8/2019,4030.847999
1/9/2019,4035.296369
1/10/2019,3678.924681
1/11/2019,3687.365482
1/12/2019,3661.30099
1/13/2019,3552.953068
1/14/2019,3706.05222
1/15/2019,3630.675225
1/16/2019,3655.006886
1/17/2019,3678.563976
1/18/2019,3657.839435
1/19/2019,3728.568365
1/20/2019,3601.013592
1/21/2019,3576.032439
1/22/2019,3604.577052
1/23/2019,3585.123066
1/24/2019,3600.865501
1/25/2019,3599.765888
1/26/2019,3602.460439
1/27/2019,3583.965763
1/28/2019,3470.450542
1/29/2019,3448.117022
1/30/2019,3486.181751
1/31/2019,3457.792747
2/1/2019,3487.945387
2/2/2019,3521.060787
2/3/2019,3464.013326
2/4/2019,3459.154146
2/5/2019,3466.357439
2/6/2019,3413.767718
2/7/2019,3399.471644
2/8/2019,3666.780351
2/9/2019,3671.203705
2/10/2019,3690.188244
2/11/2019,3648.430628
2/12/2019,3653.528645
2/13/2019,3632.070603
2/14/2019,3616.88097
2/15/2019,3620.810753
2/16/2019,3629.787491
2/17/2019,3673.836293
2/18/2019,3915.714473
2/19/2019,3947.094407
2/20/2019,3999.820509
2/21/2019,3954.118243
2/22/2019,4005.526604
2/23/2019,4142.52693
2/24/2019,3810.427431
2/25/2019,3882.696293
2/26/2019,3854.357936
2/27/2019,3851.04748
2/28/2019,3854.785282
3/1/2019,3859.583752
3/2/2019,3864.415107
3/3/2019,3847.175699
3/4/2019,3761.557018
3/5/2019,3896.375023
3/6/2019,3903.942583
3/7/2019,3911.484289
3/8/2019,3901.131624
3/9/2019,3963.313742
3/10/2019,3951.599828
3/11/2019,3905.22732
3/12/2019,3909.156209
3/13/2019,3906.717169
3/14/2019,3924.369118
3/15/2019,3960.911187
3/16/2019,4048.725904
3/17/2019,4025.22898
3/18/2019,4032.507385
3/19/2019,4071.1902
3/20/2019,4087.476299
3/21/2019,4029.326907
3/22/2019,4023.968162
3/23/2019,4035.826351
3/24/2019,4022.168282
3/25/2019,3963.070654
3/26/2019,3985.080803
3/27/2019,4087.06623
3/28/2019,4069.10715
3/29/2019,4098.374541
3/30/2019,4106.660085
3/31/2019,4105.404296
4/1/2019,4158.18307
4/2/2019,4879.877828
4/3/2019,4973.021815
4/4/2019,4922.798788
4/5/2019,5036.6811
4/6/2019,5059.817188
4/7/2019,5198.89699
4/8/2019,5289.77104
4/9/2019,5204.958378
4/10/2019,5324.551869
4/11/2019,5064.487672
4/12/2019,5089.538912
4/13/2019,5096.586563
4/14/2019,5167.722367
4/15/2019,5067.108472
4/16/2019,5235.559419
4/17/2019,5251.938189
4/18/2019,5298.385699
4/19/2019,5303.812616
4/20/2019,5337.886132
4/21/2019,5314.531453
4/22/2019,5399.36541
4/23/2019,5572.362061
4/24/2019,5464.866642
4/25/2019,5210.515559
4/26/2019,5279.348211
4/27/2019,5268.291063
4/28/2019,5285.139008
4/29/2019,5247.352537
4/30/2019,5350.726697
5/1/2019,5402.697091
5/2/2019,5505.283672
5/3/2019,5768.289407
5/4/2019,5831.167472
5/5/2019,5795.708429
5/6/2019,5746.807003
5/7/2019,5829.501516
5/8/2019,5982.457323
5/9/2019,6174.528689
5/10/2019,6378.848974
5/11/2019,7204.771697
5/12/2019,6972.371523
5/13/2019,7814.91514
5/14/2019,7994.416156
5/15/2019,8205.167495
5/16/2019,7884.909291
5/17/2019,7343.895717
5/18/2019,7271.207904
5/19/2019,8197.689691
5/20/2019,7978.309072
5/21/2019,7963.327779
5/22/2019,7680.066546
5/23/2019,7881.846721
5/24/2019,7987.371566
5/25/2019,8052.543859
5/26/2019,8673.216035
5/27/2019,8805.778377
5/28/2019,8719.961736
5/29/2019,8659.487756
5/30/2019,8319.472229
5/31/2019,8574.501649
6/1/2019,8564.016472
6/2/2019,8742.9581
6/3/2019,8208.99483
6/4/2019,7707.770771
6/5/2019,7824.231539
6/6/2019,7822.023382
6/7/2019,8043.951358
6/8/2019,7954.127724
6/9/2019,7688.077111
6/10/2019,8000.329823
6/11/2019,7927.714351
6/12/2019,8145.857474
6/13/2019,8230.923831
6/14/2019,8693.832815
6/15/2019,8838.375234
6/16/2019,8994.488013
6/17/2019,9320.352183
6/18/2019,9081.762851
6/19/2019,9273.521766
6/20/2019,9527.16035
6/21/2019,10144.55672
6/22/2019,10701.69101
6/23/2019,10855.37102
6/24/2019,11011.10245
6/25/2019,11790.91653
6/26/2019,13016.23174
6/27/2019,11182.80629
6/28/2019,12407.332
6/29/2019,11959.37098
6/30/2019,10817.1556
7/1/2019,10583.13452
7/2/2019,10801.67792
7/3/2019,11961.26934
7/4/2019,11215.43755
7/5/2019,10978.45995
7/6/2019,11208.55085
7/7/2019,11450.84676
7/8/2019,12285.95822
7/9/2019,12573.81294
7/10/2019,12156.51263
7/11/2019,11358.66175
7/12/2019,11815.98669
7/13/2019,11392.37934
7/14/2019,10256.05828
7/15/2019,10895.08939
7/16/2019,9477.642042
7/17/2019,9693.802724
7/18/2019,10666.48285
7/19/2019,10530.73263
7/20/2019,10767.13952
7/21/2019,10599.1054
7/22/2019,10343.10617
7/23/2019,9900.768011
7/24/2019,9811.926188
7/25/2019,9911.842265
7/26/2019,9870.303538
7/27/2019,9477.677678
7/28/2019,9552.860435
7/29/2019,9519.145914
7/30/2019,9607.423687
7/31/2019,10085.62775
8/1/2019,10399.66942
8/2/2019,10518.17468
8/3/2019,10821.72651
8/4/2019,10970.18422
8/5/2019,11805.65373
8/6/2019,11478.16935
8/7/2019,11941.96834
8/8/2019,11966.40741
8/9/2019,11862.93676
8/10/2019,11354.02422
8/11/2019,11523.57938
8/12/2019,11382.61596
8/13/2019,10895.83044
8/14/2019,10051.70393
8/15/2019,10311.54543
8/16/2019,10374.33935
8/17/2019,10231.74385
8/18/2019,10345.81038
8/19/2019,10916.05387
8/20/2019,10763.23263
8/21/2019,10138.04936
8/22/2019,10131.0561
8/23/2019,10407.96533
8/24/2019,10159.96054
8/25/2019,10138.51767
8/26/2019,10370.82016
8/27/2019,10185.4999
8/28/2019,9754.423273
8/29/2019,9510.200544
8/30/2019,9598.173648
8/31/2019,9630.663848
9/1/2019,9757.970318
9/2/2019,10346.76079
9/3/2019,10623.54012
9/4/2019,10594.49335
9/5/2019,10575.53328
9/6/2019,10353.30256
9/7/2019,10517.25478
9/8/2019,10441.27598
9/9/2019,10334.97416
9/10/2019,10115.97579
9/11/2019,10178.37189
9/12/2019,10410.1268
9/13/2019,10360.54728
9/14/2019,10358.04916
9/15/2019,10347.71291
9/16/2019,10276.79356
9/17/2019,10241.27215
9/18/2019,10198.24841
9/19/2019,10266.41497
9/20/2019,10181.64131
9/21/2019,10019.71691
9/22/2019,10070.39211
9/23/2019,9729.323764
9/24/2019,8620.566427
9/25/2019,8486.992972
9/26/2019,8118.967568
9/27/2019,8251.845557
9/28/2019,8245.915155
9/29/2019,8104.185676
9/30/2019,8293.867741
10/1/2019,8343.276681
10/2/2019,8393.041645
10/3/2019,8259.991979
10/4/2019,8205.939241
10/5/2019,8151.500529
10/6/2019,7988.155959
10/7/2019,8245.622933
10/8/2019,8228.783153
10/9/2019,8595.739817
10/10/2019,8586.473425
10/11/2019,8321.756712
10/12/2019,8336.555274
10/13/2019,8321.005747
10/14/2019,8374.686447
10/15/2019,8205.369316
10/16/2019,8047.526863
10/17/2019,8103.911373
10/18/2019,7973.207446
10/19/2019,7988.560442
10/20/2019,8222.07826
10/21/2019,8243.721139
10/22/2019,8078.203322
10/23/2019,7514.672013
10/24/2019,7493.488732
10/25/2019,8660.700637
10/26/2019,9244.972209
10/27/2019,9551.714963
10/28/2019,9256.148389
10/29/2019,9427.687584
10/30/2019,9205.726559
10/31/2019,9199.584833
11/1/2019,9261.104352
11/2/2019,9324.717763
11/3/2019,9235.354879
11/4/2019,9412.611871
11/5/2019,9342.527179
11/6/2019,9360.879912
11/7/2019,9267.561143
11/8/2019,8804.880719
11/9/2019,8813.582487
11/10/2019,9055.526057
11/11/2019,8757.788542
11/12/2019,8815.662539
11/13/2019,8808.262582
11/14/2019,8708.095095
11/15/2019,8491.992012
11/16/2019,8550.760557
11/17/2019,8577.975782
11/18/2019,8309.285983
11/19/2019,8206.145918
11/20/2019,8027.268243
11/21/2019,7642.749945
11/22/2019,7296.577568
11/23/2019,7397.796815
11/24/2019,7047.916882
11/25/2019,7146.133902
11/26/2019,7218.371334
11/27/2019,7531.663645
11/28/2019,7463.106128
11/29/2019,7761.243602
11/30/2019,7569.630122
12/1/2019,7424.292265
12/2/2019,7321.988112
12/3/2019,7320.145468
12/4/2019,7252.034586
12/5/2019,7448.307521
12/6/2019,7546.996698
12/7/2019,7556.238034
12/8/2019,7564.345403
12/9/2019,7400.899356
12/10/2019,7278.119783
12/11/2019,7217.427115
12/12/2019,7243.134363
12/13/2019,7269.684559
12/14/2019,7124.67397
12/15/2019,7152.301844
12/16/2019,6932.48039
12/17/2019,6640.515246
12/18/2019,7276.80277
12/19/2019,7202.844364
12/20/2019,7218.816387
12/21/2019,7191.158469
12/22/2019,7511.589042
12/23/2019,7355.628267
12/24/2019,7322.532459
12/25/2019,7275.155728
12/26/2019,7238.967025
12/27/2019,7290.088518
12/28/2019,7317.990034
12/29/2019,7422.652589
12/30/2019,7292.995078
12/31/2019,7193.598978
1/1/2020,7200.174393
1/2/2020,6985.470001
1/3/2020,7344.884183
1/4/2020,7410.656566
1/5/2020,7411.317327
1/6/2020,7769.219039
1/7/2020,8163.692239
1/8/2020,8079.862777
1/9/2020,7879.071524
1/10/2020,8166.55414
1/11/2020,8037.537389
1/12/2020,8192.494005
1/13/2020,8144.194517
1/14/2020,8827.764426
1/15/2020,8807.010275
1/16/2020,8723.785766
1/17/2020,8929.037678
1/18/2020,8942.808903
1/19/2020,8706.24513
1/20/2020,8657.642939
1/21/2020,8745.894788
1/22/2020,8680.876042
1/23/2020,8406.516068
1/24/2020,8445.434282
1/25/2020,8367.847773
1/26/2020,8596.829833
1/27/2020,8909.819178
1/28/2020,9358.590317
1/29/2020,9316.629504
1/30/2020,9508.993595
1/31/2020,9350.529365
2/1/2020,9392.875368
2/2/2020,9344.365293
2/3/2020,9293.521089
2/4/2020,9180.962967
2/5/2020,9613.424289
2/6/2020,9729.802231
2/7/2020,9795.943773
2/8/2020,9865.119469
2/9/2020,10116.67376
2/10/2020,9856.611494
2/11/2020,10208.23626
2/12/2020,10326.05452
2/13/2020,10214.37946
2/14/2020,10312.11609
2/15/2020,9889.424628
2/16/2020,9934.43339
2/17/2020,9690.142618
2/18/2020,10141.99637
2/19/2020,9633.386885
2/20/2020,9608.475903
2/21/2020,9686.441198
2/22/2020,9663.181829
2/23/2020,9924.515228
2/24/2020,9650.174807
2/25/2020,9341.705169
2/26/2020,8820.5222
2/27/2020,8784.493849
2/28/2020,8672.45535
2/29/2020,8599.50862
3/1/2020,8562.45405
3/2/2020,8869.670311
3/3/2020,8787.786456
3/4/2020,8755.245895
3/5/2020,9078.762792
3/6/2020,9122.545573
3/7/2020,8909.953652
3/8/2020,8108.116291
3/9/2020,7923.644703
3/10/2020,7909.729393
3/11/2020,7911.430129
3/12/2020,4970.787901
3/13/2020,5563.706892
3/14/2020,5200.366264
3/15/2020,5392.31488
3/16/2020,5014.479977
3/17/2020,5225.629193
3/18/2020,5238.438577
3/19/2020,6191.192952
3/20/2020,6198.778205
3/21/2020,6185.066515
3/22/2020,5830.254798
3/23/2020,6416.314758
3/24/2020,6734.80378
3/25/2020,6681.063127
3/26/2020,6716.440549
3/27/2020,6469.798135
3/28/2020,6242.193868
3/29/2020,5922.043123
3/30/2020,6429.841934
3/31/2020,6438.644766
4/1/2020,6606.776268
4/2/2020,6793.624596
4/3/2020,6733.387391
4/4/2020,6867.527316
4/5/2020,6791.129441
4/6/2020,7271.781153
4/7/2020,7176.4145
4/8/2020,7334.098453
4/9/2020,7302.089511
4/10/2020,6865.493372
4/11/2020,6859.082963
4/12/2020,6971.091591
4/13/2020,6845.037697
4/14/2020,6842.427861
4/15/2020,6642.109893
4/16/2020,7116.804218
4/17/2020,7096.184659
4/18/2020,7257.664858
4/19/2020,7189.424824
4/20/2020,6881.958693
4/21/2020,6880.323474
4/22/2020,7117.207479
4/23/2020,7429.724649
4/24/2020,7550.901027
4/25/2020,7569.936034
4/26/2020,7679.867204
4/27/2020,7795.600835
4/28/2020,7807.058451
4/29/2020,8801.037767
4/30/2020,8658.55418
5/1/2020,8864.766808
5/2/2020,8988.596207
5/3/2020,8897.46851
5/4/2020,8912.654605
5/5/2020,9003.070178
5/6/2020,9268.762081
5/7/2020,9951.518745
5/8/2020,9842.666368
5/9/2020,9593.896734
5/10/2020,8756.431142
5/11/2020,8601.796202
5/12/2020,8804.477811
5/13/2020,9269.987706
5/14/2020,9733.721471
5/15/2020,9328.197226
5/16/2020,9377.014026
5/17/2020,9670.739371
5/18/2020,9726.574815
5/19/2020,9729.037919
5/20/2020,9522.981157
5/21/2020,9081.762023
5/22/2020,9182.577518
5/23/2020,9209.287428
5/24/2020,8790.368001
5/25/2020,8906.934761
5/26/2020,8835.053061
5/27/2020,9181.017948
5/28/2020,9525.751095
5/29/2020,9439.12439
5/30/2020,9700.414072
5/31/2020,9461.058918
6/1/2020,10167.2681
6/2/2020,9529.804149
6/3/2020,9656.717765
6/4/2020,9800.636595
6/5/2020,9665.532789
6/6/2020,9653.679263
6/7/2020,9758.852417
6/8/2020,9771.489484
6/9/2020,9795.700195
6/10/2020,9870.094453
6/11/2020,9321.781298
6/12/2020,9480.843789
6/13/2020,9475.277338
6/14/2020,9386.787892
6/15/2020,9450.701987
6/16/2020,9538.024374
6/17/2020,9480.255366
6/18/2020,9411.840462
6/19/2020,9288.018716
6/20/2020,9332.340762
6/21/2020,9303.629714
6/22/2020,9648.71761
6/23/2020,9629.658366
6/24/2020,9313.610349
6/25/2020,9264.813043
6/26/2020,9162.917604
6/27/2020,9045.390957
6/28/2020,9143.582191
6/29/2020,9190.854465
6/30/2020,9137.9934
7/1/2020,9228.32559
7/2/2020,9123.410154
7/3/2020,9087.303911
7/4/2020,9132.487951
7/5/2020,9073.942869
7/6/2020,9375.474759
7/7/2020,9252.277504
7/8/2020,9428.333085
7/9/2020,9277.967906
7/10/2020,9278.807867
7/11/2020,9240.346327
7/12/2020,9276.49985
7/13/2020,9243.613855
7/14/2020,9243.213416
7/15/2020,9192.837368
7/16/2020,9132.227863
7/17/2020,9151.39224
7/18/2020,9159.039905
7/19/2020,9185.816912
7/20/2020,9164.231365
7/21/2020,9374.887528
7/22/2020,9525.36345
7/23/2020,9581.072011
7/24/2020,9536.892686
7/25/2020,9677.113497
7/26/2020,9905.167247
7/27/2020,10990.8734
7/28/2020,10912.82305
7/29/2020,11100.46813
7/30/2020,11111.21429
7/31/2020,11323.46642
8/1/2020,11759.59277
8/2/2020,11053.6139
8/3/2020,11246.34877
8/4/2020,11205.89292
8/5/2020,11747.02283
8/6/2020,11779.77326
8/7/2020,11601.47271
8/8/2020,11754.04581
8/9/2020,11675.73934
8/10/2020,11878.11133
8/11/2020,11410.52568
8/12/2020,11584.93458
8/13/2020,11784.13739
8/14/2020,11768.87062
8/15/2020,11865.69857
8/16/2020,11892.80406
8/17/2020,12254.40191
8/18/2020,11991.23325
8/19/2020,11758.28359
8/20/2020,11878.37162
8/21/2020,11592.48904
8/22/2020,11681.82556
8/23/2020,11664.84799
8/24/2020,11774.59584
8/25/2020,11366.13508
8/26/2020,11488.36349
8/27/2020,11323.39703
8/28/2020,11542.49973
8/29/2020,11506.86532
8/30/2020,11711.50616
8/31/2020,11680.82049
9/1/2020,11970.47874
9/2/2020,11414.03373
9/3/2020,10245.29669
9/4/2020,10511.81388
9/5/2020,10169.56722
9/6/2020,10280.3517
9/7/2020,10369.56374
9/8/2020,10131.51665
9/9/2020,10242.34778
9/10/2020,10363.13904
9/11/2020,10400.91469
9/12/2020,10442.1706
9/13/2020,10323.7558
9/14/2020,10680.83743
9/15/2020,10796.95099
9/16/2020,10974.90489
9/17/2020,10948.98992
9/18/2020,10944.5858
9/19/2020,11094.34628
9/20/2020,10938.27129
9/21/2020,10462.25962
9/22/2020,10538.46032
9/23/2020,10246.18649
9/24/2020,10760.06626
9/25/2020,10692.71721
9/26/2020,10750.72358
9/27/2020,10775.26938
9/28/2020,10709.65218
9/29/2020,10844.64098
9/30/2020,10784.49158
10/1/2020,10619.45191
10/2/2020,10575.97504
10/3/2020,10549.3289
10/4/2020,10669.58254
10/5/2020,10793.33943
10/6/2020,10604.40589
10/7/2020,10668.96896
10/8/2020,10915.68573
10/9/2020,11064.45759
10/10/2020,11296.36143
10/11/2020,11384.18195
10/12/2020,11555.36289
10/13/2020,11425.8994
10/14/2020,11429.50689
10/15/2020,11495.34965
10/16/2020,11322.12269
10/17/2020,11358.10157
10/18/2020,11483.35971
10/19/2020,11742.03715
10/20/2020,11916.33514
10/21/2020,12823.68919
10/22/2020,12965.89129
10/23/2020,12931.53902
10/24/2020,13108.06261
10/25/2020,13031.17431
10/26/2020,13075.2477
10/27/2020,13654.21844
10/28/2020,13271.28537
10/29/2020,13437.88324
10/30/2020,13546.52227
10/31/2020,13780.9947
11/1/2020,13737.10983
11/2/2020,13550.48938
11/3/2020,13950.30085
11/4/2020,14133.70715
11/5/2020,15579.84846
11/6/2020,15565.88058
11/7/2020,14833.75411
11/8/2020,15479.56704
11/9/2020,15332.3156
11/10/2020,15290.90268
11/11/2020,15701.33973
11/12/2020,16276.34395
11/13/2020,16317.80819
11/14/2020,16068.13871
11/15/2020,15955.58744
11/16/2020,16716.11132
11/17/2020,17645.40577
11/18/2020,17804.00563
11/19/2020,17817.09025
11/20/2020,18621.31437
11/21/2020,18642.23277
11/22/2020,18370.00252
11/23/2020,18364.12159
11/24/2020,19107.46445
11/25/2020,18732.12078
11/26/2020,17150.62358
11/27/2020,17108.40173
11/28/2020,17717.41501
11/29/2020,18177.48342
11/30/2020,19625.83503
12/1/2020,18802.9983
12/2/2020,19201.09116
12/3/2020,19445.39848
12/4/2020,18699.76561
12/5/2020,19154.23113
12/6/2020,19345.12096
12/7/2020,19191.63129
12/8/2020,18321.14492
12/9/2020,18553.91538
12/10/2020,18264.99211
12/11/2020,18058.90335
12/12/2020,18803.65687
12/13/2020,19142.38253
12/14/2020,19246.64434
12/15/2020,19417.07603
12/16/2020,21310.59813
12/17/2020,22805.16149
12/18/2020,23137.96056
12/19/2020,23869.83196
12/20/2020,23477.2952
12/21/2020,22803.08141
12/22/2020,23783.0285
12/23/2020,23241.34487
12/24/2020,23735.94973
12/25/2020,24664.79027
12/26/2020,26437.03751
12/27/2020,26272.29457
12/28/2020,27084.80789
12/29/2020,27362.43656
12/30/2020,28840.95342
12/31/2020,29001.71982
1/1/2021,29374.15189
1/2/2021,32127.26794
1/3/2021,32782.02447
1/4/2021,31971.91352
1/5/2021,33992.42934
1/6/2021,36824.36441
1/7/2021,39371.04235
1/8/2021,40797.61072
1/9/2021,40254.5465
1/10/2021,38356.43951
1/11/2021,35566.65594
1/12/2021,33922.96058
1/13/2021,37316.3594
1/14/2021,39187.32812
1/15/2021,36825.36585
1/16/2021,36178.1389
1/17/2021,35791.27792
1/18/2021,36630.07568
1/19/2021,36069.80639
1/20/2021,35547.75089
1/21/2021,30825.69851
1/22/2021,33005.76356
1/23/2021,32067.64288
1/24/2021,32289.37809
1/25/2021,32366.39305
1/26/2021,32569.84956
1/27/2021,30432.54708
1/28/2021,33466.09636
1/29/2021,34316.38765
1/30/2021,34269.52154
1/31/2021,33114.35775
2/1/2021,33537.17682
2/2/2021,35510.28904
2/3/2021,37472.0901
2/4/2021,36926.06447
2/5/2021,38144.30686
2/6/2021,39266.01073
2/7/2021,38903.44148
2/8/2021,46196.46372
2/9/2021,46481.10424
2/10/2021,44918.18449
2/11/2021,47909.33119
2/12/2021,47504.85118
2/13/2021,47105.51747
2/14/2021,48717.29021
2/15/2021,47945.05683
2/16/2021,49199.87134
2/17/2021,52149.00754
2/18/2021,51679.79669
2/19/2021,55888.13368
2/20/2021,56099.52051
2/21/2021,57539.94367
2/22/2021,54207.31907
2/23/2021,48824.42687
2/24/2021,49705.33332
2/25/2021,47093.85302
2/26/2021,46339.76008
2/27/2021,46188.45128
2/28/2021,45137.77047
3/1/2021,49631.24137
3/2/2021,48378.98805
3/3/2021,50538.24341
3/4/2021,48561.16615
3/5/2021,48927.30455
3/6/2021,48912.38173
3/7/2021,51206.69295
3/8/2021,52246.52231
3/9/2021,54824.11781
3/10/2021,56008.5494
3/11/2021,57805.12302
3/12/2021,57332.08896
3/13/2021,61243.08477
3/14/2021,59302.31698
3/15/2021,55907.20023
3/16/2021,56804.90123
3/17/2021,58870.89333
3/18/2021,57858.92071
3/19/2021,58346.65297
3/20/2021,58313.64261
3/21/2021,57523.42099
3/22/2021,54529.14561
3/23/2021,54738.94493
3/24/2021,52774.26369
3/25/2021,51704.16193
3/26/2021,55137.31373
3/27/2021,55973.51084
3/28/2021,55950.74577
3/29/2021,57750.19987
3/30/2021,58917.69305
3/31/2021,58918.83271
4/1/2021,59095.80798
4/2/2021,59384.31336
4/3/2021,57603.88917
4/4/2021,58758.55629
4/5/2021,59057.87897
4/6/2021,58192.35868
4/7/2021,56048.93781
4/8/2021,58323.95358
4/9/2021,58245.003
4/10/2021,59793.23541
4/11/2021,60204.96491
4/12/2021,59893.45189
4/13/2021,63503.45793
4/14/2021,63109.69593
4/15/2021,63314.01085
4/16/2021,61572.7896
4/17/2021,60683.82123
4/18/2021,56216.185
4/19/2021,55724.2671
4/20/2021,56473.03228
4/21/2021,53906.08805
4/22/2021,51762.27205
4/23/2021,51093.65071
4/24/2021,50050.86822
4/25/2021,49004.25326
4/26/2021,54021.75479
4/27/2021,55033.11801
4/28/2021,54824.7049
4/29/2021,53555.10849
4/30/2021,57750.17735
5/1/2021,57828.05063
5/2/2021,56631.07741
5/3/2021,57200.29122
5/4/2021,53333.53775
5/5/2021,57424.00595
5/6/2021,56396.51416
5/7/2021,57356.40188
5/8/2021,58803.77581
5/9/2021,58232.31614
5/10/2021,55859.79754
5/11/2021,56704.57306
5/12/2021,49150.53388
5/13/2021,49716.1916
5/14/2021,49880.53342
5/15/2021,46760.18656
5/16/2021,46456.05847
5/17/2021,43537.51139
5/18/2021,42909.40093
5/19/2021,37002.44047
5/20/2021,40782.73826
5/21/2021,37304.69067
5/22/2021,37536.63111
5/23/2021,34770.58362
5/24/2021,38705.97864
5/25/2021,38402.22385
5/26/2021,39294.19738
5/27/2021,38436.96854
5/28/2021,35697.60639
5/29/2021,34616.068
5/30/2021,35678.1292
5/31/2021,37332.85369
6/1/2021,36684.92452
6/2/2021,37575.17958
6/3/2021,39208.76599
6/4/2021,36894.40533
6/5/2021,35551.95873
6/6/2021,35862.37773
6/7/2021,33560.70784
6/8/2021,33472.63175
6/9/2021,37345.12149
6/10/2021,36702.59937
6/11/2021,37334.39953
6/12/2021,35552.51715
6/13/2021,39097.8609
6/14/2021,40218.47786
6/15/2021,40406.26899
6/16/2021,38347.06323
6/17/2021,38053.50417
6/18/2021,35787.24478
6/19/2021,35615.86927
6/20/2021,35698.29644
6/21/2021,31676.69373
6/22/2021,32505.65982
6/23/2021,33723.02898
6/24/2021,34662.43589
6/25/2021,31637.78006
6/26/2021,32186.27767
6/27/2021,34649.64459
6/28/2021,34434.33531
6/29/2021,35867.77774
6/30/2021,35040.83725
7/1/2021,33572.11765
7/2/2021,33897.04859
7/3/2021,34668.5484
7/4/2021,35287.77977
7/5/2021,33746.00246
7/6/2021,34235.19345
